sell_month,net
2,-376254.27
3,-926.69
4,-45072.99
5,-55283.4
6,-151356.39
7,-365900.39999999997
8,29264.600000000002
9,282.90999999999985
